Toppagina's,Aantal klikken,Vertoningen,CTR,Positie
https://konnichiwa.nl/,703,25079,2.8%,8.93
https://konnichiwa.nl/nl/home-nederlands/,163,3688,4.42%,5.05
https://konnichiwa.nl/sushi-workshop/,30,1157,2.59%,14.05
https://konnichiwa.nl/webshop/rolls,3,542,0.55%,5.24
https://konnichiwa.nl/about-us/,2,3615,0.06%,5.75
https://konnichiwa.nl/webshop/,2,1928,0.1%,3.26
https://konnichiwa.nl/store/,1,2409,0.04%,5.15
https://konnichiwa.nl/webshop/Aburi-Sushi-c49339324/,1,387,0.26%,8.16
https://konnichiwa.nl/webshop/plates,1,238,0.42%,2.22
https://konnichiwa.nl/webshop/specials,1,151,0.66%,7.02
https://konnichiwa.nl/bento-lunch/,1,35,2.86%,24.77
https://konnichiwa.nl/store/cocktails,1,12,8.33%,7.75
https://konnichiwa.nl/webshop/beef-ramen,1,9,11.11%,10.44
https://konnichiwa.nl/webshop/Moriawase-sushi-&-sashimi-plates-c158257251/,1,4,25%,5.75
https://konnichiwa.nl/webshop/temaki,0,372,0%,7.9
https://konnichiwa.nl/webshop/temaki-1,0,208,0%,5.52
https://konnichiwa.nl/webshop/grill,0,148,0%,3.84
https://konnichiwa.nl/webshop/setto,0,119,0%,6.12
https://konnichiwa.nl/store/grill,0,79,0%,21.96
https://konnichiwa.nl/webshop/ebi-garnaal,0,28,0%,22.54
https://konnichiwa.nl/#about-me,0,20,0%,7
https://konnichiwa.nl/arrangements/,0,20,0%,7
https://konnichiwa.nl/store/lunch,0,16,0%,5.31
https://konnichiwa.nl/store/tuna-tataki-salad,0,11,0%,6.09
https://konnichiwa.nl/store/aburi-suzuki-zeebaars-yuzu-furikake,0,11,0%,6.18
https://konnichiwa.nl/webshop/baby-squid-ika,0,11,0%,7.64
https://konnichiwa.nl/webshop/classic-yakitori-2-st,0,11,0%,26.55
https://konnichiwa.nl/webshop/dimple,0,9,0%,38.11
https://konnichiwa.nl/nl/author/konnichiwa/,0,8,0%,6.25
https://konnichiwa.nl/store/america-setto-hawai-l-a-16-st,0,8,0%,6.75
https://konnichiwa.nl/webshop/sourcy-blauw,0,7,0%,7.43
https://konnichiwa.nl/webshop/crispy-shrimp-krokante-garnaal-komkommer-sesam-mayo,0,7,0%,20.71
https://konnichiwa.nl/webshop/thee,0,7,0%,42.57
https://konnichiwa.nl/webshop/vegan-setto-inari-wakame-kappamaki-picklemaki-yasairoll-14-st,0,5,0%,9.4
https://konnichiwa.nl/store/latte-machiatto,0,4,0%,8
https://konnichiwa.nl/store/vinska-klet-quercus-pinot-grigio-slovenie-1,0,3,0%,6.33
https://konnichiwa.nl/store/koffie,0,3,0%,11.33
https://konnichiwa.nl/store/chocolade-fudge-cake-met-ijs,0,3,0%,30.33
https://konnichiwa.nl/webshop/tripel,0,3,0%,34.33
https://konnichiwa.nl/webshop/unagi-paling,0,2,0%,5.5
https://konnichiwa.nl/webshop/softshell-crab-tempura,0,2,0%,6.5
https://konnichiwa.nl/store/rockoshisowagyu-wagyu-kom-avo-mayo-teriyaki-spice-pruim-shiso-8-st,0,2,0%,9
https://konnichiwa.nl/webshop/Chardonnay-Vermentino-p204610487/,0,2,0%,9
https://konnichiwa.nl/store/7-up,0,2,0%,10.5
https://konnichiwa.nl/webshop/Classic-Yakitori-2-st-p192794533/,0,2,0%,12.5
https://konnichiwa.nl/store/casisano-colombaiolo-brunello-di-montalcino-riserva-docg-toscane-italie,0,2,0%,13
https://konnichiwa.nl/webshop/Bitterballen-6-st-p204597545/,0,2,0%,22
https://konnichiwa.nl/store/kikumasamune-junmai-tarusake-tokkuri-200ml,0,1,0%,4
https://konnichiwa.nl/store/omakase,0,1,0%,4
https://konnichiwa.nl/webshop/Tempura-c64897103/,0,1,0%,4
https://konnichiwa.nl/webshop/sashimi-mix-20-pl,0,1,0%,6
https://konnichiwa.nl/webshop/baileys,0,1,0%,7
https://konnichiwa.nl/webshop/koffie,0,1,0%,8
https://konnichiwa.nl/store/salades,0,1,0%,9
https://konnichiwa.nl/webshop/Tako-Octopus-p204637641/,0,1,0%,13
https://konnichiwa.nl/webshop/crispy-crunchy-chicken-krokante-kip-crush-kuit-komkommer-katsu-mayo-8st,0,1,0%,18