Meest uitgevoerde zoekopdrachten,Aantal klikken,Vertoningen,CTR,Positie
konnichiwa utrecht,183,991,18.47%,2.68
konnichiwa,129,4147,3.11%,5.46
konichiwa,62,3710,1.67%,3.99
teppanyaki utrecht,32,375,8.53%,4.47
omakase utrecht,29,388,7.47%,4.7
konichiwa utrecht,22,88,25%,1.74
japans restaurant & bar konnichiwa,14,118,11.86%,5.36
japans restaurant utrecht,13,1480,0.88%,8.13
japanner utrecht,10,182,5.49%,5.98
konnichiwa menu,10,33,30.3%,5.55
japanese restaurant utrecht,7,284,2.46%,7.38
japans utrecht,5,225,2.22%,9.43
teppanyaki restaurant,5,198,2.53%,10.41
konichiwa japans,4,736,0.54%,4.42
utrecht japans restaurant,4,130,3.08%,8.98
japans restaurant & bar konnichiwa foto's,4,44,9.09%,1.11
konichi wa,4,23,17.39%,2.91
konichiwa menu,4,5,80%,8
japanse restaurant utrecht,3,116,2.59%,8.41
beste teppanyaki restaurant utrecht,3,74,4.05%,4.3
konnichiwa restaurant,3,38,7.89%,4.11
sushi utrecht,2,503,0.4%,14.76
teppanyaki,2,399,0.5%,14.89
japans eten utrecht,2,293,0.68%,8.83
japans restaurant,2,246,0.81%,17.1
sushi workshop,2,158,1.27%,43.48
japans restaurant utrecht centrum,2,80,2.5%,5.56
konnichi wa,2,51,3.92%,8.04
teppanyaki restaurant utrecht,2,48,4.17%,3.08
sushi workshop utrecht,2,43,4.65%,13.56
konnichi wa utrecht,2,28,7.14%,1.57
japans eten in utrecht,2,27,7.41%,9.15
konichwa,2,14,14.29%,15.64
konichiwa sushi,2,6,33.33%,9
konnichiwa japanese,1,144,0.69%,5.88
izakaya utrecht,1,138,0.72%,8.43
beste japans restaurant utrecht,1,92,1.09%,9.46
japanese utrecht,1,68,1.47%,12.12
utrecht sushi,1,65,1.54%,16.49
wagyu utrecht,1,58,1.72%,10.43
japanese food utrecht,1,38,2.63%,8.82
utrecht japans,1,35,2.86%,7.83
ko ni chi wa,1,31,3.23%,3.1
japans eten aan de plaat,1,29,3.45%,9.07
utrecht japans eten,1,29,3.45%,9.52
teppanyaki near me,1,28,3.57%,10.07
japans restaurant met kok aan tafel,1,26,3.85%,7.27
konishi wa,1,17,5.88%,7.35
konnichiwa teppanyaki,1,17,5.88%,7.35
beste sushi utrecht,1,10,10%,29.4
foto's van konnichiwa,1,8,12.5%,1.5
teppanyaki live cooking,1,7,14.29%,18.71
japanese teppanyaki,1,6,16.67%,9.5
konichi wah,1,5,20%,3.4
book sushi,1,4,25%,3.5
sashimi restaurant,1,4,25%,4.5
sushi masterclass,1,4,25%,4.75
teppan restaurant,1,4,25%,16.25
konnitchiwa,1,3,33.33%,1
japans live cooking,1,3,33.33%,4.33
konichiwa.,1,3,33.33%,4.33
sushi konnichiwa,1,3,33.33%,21.33
conichi wa,1,2,50%,1.5
konijiwa,1,2,50%,1.5
tepanyaki,1,2,50%,1.5
sushi making workshop,1,2,50%,9
koni chi wa,1,1,100%,1
sushi master class,1,1,100%,1
ramen restaurant,1,1,100%,2
sushi experience,1,1,100%,2
konicha wa,1,1,100%,3
beef udon near me,1,1,100%,7
best japanese restaurant near me,1,1,100%,7
sushi lunch specials near me,1,1,100%,13
hibachi,0,229,0%,46.3
aburi sushi,0,195,0%,7.81
sushi near me,0,164,0%,13.79
sushi restaurant utrecht,0,123,0%,14.28
aburi,0,116,0%,8.46
authentiek japans restaurant utrecht,0,95,0%,7.13
japanese restaurant and bar,0,95,0%,11.88
hibachi restaurant,0,86,0%,10.42
konichiwa chinees,0,79,0%,9.16
sushi class,0,74,0%,24.97
utrecht japanese restaurant,0,72,0%,8.88
japans restaurant papendrecht,0,59,0%,47.41
reviews voor konnichiwa,0,58,0%,7.91
japanese restaurant,0,55,0%,12.84
japans eten papendrecht,0,54,0%,48.96
japans teppanyaki restaurant utrecht,0,51,0%,3.12
japans restaurant & bar konnichiwa reviews,0,50,0%,5.14
koniciwa,0,46,0%,6.48
beste japanse restaurant utrecht,0,41,0%,9
temaki,0,36,0%,48.17
kon'nichiwa,0,33,0%,2.94
setto,0,33,0%,5.33
japas utrecht,0,33,0%,5.82
japan restaurant utrecht,0,32,0%,10.22
japanese restaurant near me,0,32,0%,12.22
japanse restaurant,0,32,0%,14.28
teppan,0,30,0%,3.83
japanese izakaya utrecht,0,30,0%,9.03
sushi in utrecht,0,29,0%,26.66
japans teppanyaki restaurant,0,27,0%,12.19
japans konichiwa,0,25,0%,6.72
utrecht sushi restaurant,0,25,0%,11.52
kon ni chi wa,0,23,0%,12.65
japans eten,0,22,0%,12.5
konnichi,0,22,0%,18.59
japans restaurant teppanyaki,0,21,0%,13.19
japan utrecht,0,20,0%,13.1
ixi utrecht,0,20,0%,43.15
miyabi asian cuisine,0,20,0%,48.7
sushi utrecht centrum,0,19,0%,22.37
masterclass yakiniku,0,19,0%,46.74
konichiva,0,18,0%,5.61
japans utrecht centrum,0,18,0%,8.33
hibachi near me,0,18,0%,15.83
teppanyaki restaurants,0,18,0%,16.89
konnichiwa sushi,0,18,0%,36
sushi teppanyaki,0,17,0%,9.94
aziatisch restaurant utrecht,0,17,0%,49.88
konichiqa,0,16,0%,4.56
aburi sake,0,16,0%,8.5
sushi utrecht stadion,0,16,0%,28.88
ponzu utrecht,0,16,0%,36.5
konitchiwa,0,15,0%,5.33
best sushi utrecht,0,15,0%,15.6
japans restaurant barendrecht,0,15,0%,44.47
konischiwa,0,14,0%,5.29
live cooking utrecht,0,14,0%,14.79
teppanyaki plaat restaurant,0,14,0%,22.36
all you can eat sushi utrecht,0,14,0%,32.14
restaurant mariaplaats utrecht,0,14,0%,33
japans restaurant gelderland,0,14,0%,36.14
sushi workshop den haag,0,14,0%,52.43
restaurant konnichiwa,0,13,0%,11.08
teppanyaki japanese,0,13,0%,16
habachi,0,13,0%,18.15
restaurant konnichiwa utrecht,0,13,0%,24
sushi lunch utrecht,0,13,0%,26.23
beste teppanyaki restaurant,0,13,0%,27.85
konichiwa nijmegen,0,12,0%,7.75
all you can eat utrecht,0,12,0%,50.5
sushi koi utrecht,0,12,0%,53.33
teppan yaki,0,11,0%,6
konniciwa,0,11,0%,11.73
teppanyaki nederland,0,11,0%,17.27
sushi eten utrecht,0,11,0%,24.82
teppanyaki alkmaar,0,11,0%,32.18
konnishiwa,0,10,0%,5.5
knnichiwa,0,10,0%,6.4
japans restaurant utrecht centraal,0,10,0%,7
konnichowa,0,10,0%,10.7
japanse bakplaat restaurant,0,10,0%,23.9
sushi galgenwaard,0,10,0%,48.6
konbanwa,0,10,0%,49.1
conishiwa,0,9,0%,4.78
knochiwa,0,9,0%,5
japanner,0,9,0%,8.56
japanese eatery,0,9,0%,11.11
sushi joints near me,0,9,0%,13.89
hibachi nederland,0,9,0%,14.33
sushi restaurants utrecht,0,9,0%,15.11
goed japans restaurant,0,9,0%,17.22
broodjes en sushi,0,9,0%,40.22
workshop sushi,0,9,0%,43.56
knichiwa,0,8,0%,1.75
konisiwa,0,8,0%,3.88
konitsiwa,0,8,0%,4
konichawa,0,8,0%,4.25
konnichiwa!,0,8,0%,4.62
konnichiw,0,8,0%,4.75
konnichwa,0,8,0%,6
japans restaurant - teppanyaki,0,8,0%,8.5
aburi maguro,0,8,0%,9.25
best sushi in utrecht,0,8,0%,10.75
teriyaki restaurant,0,8,0%,13.25
sushi bar utrecht,0,8,0%,13.75
restaurant utrecht sushi,0,8,0%,14.38
japanse teppanyaki restaurant,0,8,0%,16.12
konichiwa goes,0,8,0%,22.5
sushi stadion utrecht,0,8,0%,33.5
galgenwaard sushi,0,8,0%,40.25
konicua,0,7,0%,3.29
konichia,0,7,0%,3.57
konichowa,0,7,0%,4
konishiwa,0,7,0%,6.57
konnichiwa japan,0,7,0%,7
konitsjiwa,0,7,0%,7.43
sushi restaurant,0,7,0%,8.43
konichiwa japanese,0,7,0%,8.57
maguro aburi,0,7,0%,8.86
konicha,0,7,0%,11.43
restaurant japans,0,7,0%,14.29
sushi restaurant in utrecht,0,7,0%,15.14
japanese teppanyaki restaurant,0,7,0%,16.86
teppanyaki restaurant live cooking,0,7,0%,18.43
mariaplaats utrecht restaurant,0,7,0%,19.14
beste japans restaurant nederland,0,7,0%,21.29
sushi all you can eat utrecht,0,7,0%,21.71
konichuwa,0,7,0%,22.71
temaki hand roll near me,0,7,0%,23.71
japans grill restaurant,0,7,0%,50.86
sushi workshop amsterdam,0,7,0%,51
konigiwa,0,6,0%,2.5
conichua,0,6,0%,2.67
konnichawa,0,6,0%,2.83
konmichiwa,0,6,0%,3.17
connichiwa,0,6,0%,4
wagyu restaurant,0,6,0%,7.67
japans eten utrecht centrum,0,6,0%,8
konichi,0,6,0%,9.17
japan restaurant,0,6,0%,9.33
konichiea,0,6,0%,9.33
sushi restaurant near me,0,6,0%,10.5
utrecht japan,0,6,0%,10.67
japans restaurant in de buurt,0,6,0%,14.17
japanese cafe,0,6,0%,15.33
sushi restaurant utrecht centrum,0,6,0%,15.33
sushi utrecht restaurant,0,6,0%,15.83
teppan yaki restaurant,0,6,0%,16
sushirestaurant utrecht,0,6,0%,17.33
japans restaurant met bakplaat,0,6,0%,18
teppanyaki japanese restaurant,0,6,0%,18.83
japans bakplaat restaurant,0,6,0%,19
japans restaurant live cooking,0,6,0%,21.67
utrecht sushi all you can eat,0,6,0%,24
japanese restaurant benkei,0,6,0%,24.67
sushi utrecht hoog catharijne,0,6,0%,25.67
japanese grill,0,6,0%,27
live cooking japans,0,6,0%,28.5
sushi in de buurt van utrecht,0,6,0%,30.5
yakiniku restaurant,0,6,0%,32.83
restaurant ixi utrecht,0,6,0%,36.67
wagamama utrecht,0,6,0%,40.67
japanese grill restaurant,0,6,0%,42.5
asian restaurant utrecht,0,6,0%,44.67
onbeperkt sushi utrecht,0,6,0%,46
sushi workshop 2 personen,0,6,0%,48.5
restaurant sumo utrecht,0,6,0%,50.67
utrecht aziatisch restaurant,0,6,0%,53.17
koi sushi utrecht,0,6,0%,56.33
japans winkel utrecht,0,6,0%,66.17
kon nichi wa,0,5,0%,2.4
konichiwq,0,5,0%,2.4
konnichiea,0,5,0%,3.4
konichiua,0,5,0%,5.2
konnichuwa,0,5,0%,6.2
japanese near me,0,5,0%,6.8
japanse restaurants utrecht,0,5,0%,8.8
japanese konnichiwa,0,5,0%,9
teppan ebi,0,5,0%,9
baby squid,0,5,0%,9.2
best sushi near me,0,5,0%,9.2
hibachi grill restaurant,0,5,0%,9.4
sushi restaurants,0,5,0%,10.2
live cooking japanese restaurant,0,5,0%,11
japanese restaurant teppanyaki,0,5,0%,11.6
okonomiyaki utrecht,0,5,0%,11.6
nieuw japans restaurant utrecht,0,5,0%,12.2
sushi kanaleneiland,0,5,0%,13.8
yakitori utrecht,0,5,0%,15
japanse teppanyaki,0,5,0%,15.2
teppanyaki bar,0,5,0%,15.2
japanese izakaya,0,5,0%,16
japanese restaurants,0,5,0%,16.4
teppanyaki sushi,0,5,0%,18.4
hibachi restaurants,0,5,0%,20.2
sushi lopende band utrecht,0,5,0%,21.4
mariaplaats restaurant,0,5,0%,21.8
sushi tent utrecht,0,5,0%,23.2
restaurant mariaplaats,0,5,0%,23.6
teppanyaki aan tafel restaurant,0,5,0%,25
teppanyaki japanese food,0,5,0%,25.6
lopende band sushi utrecht,0,5,0%,26.2
sushi cursus,0,5,0%,29.8
restaurant japonais,0,5,0%,31.2
sushi place near me,0,5,0%,32.6
konbanwa sushi,0,5,0%,33.4
ixi restaurant utrecht,0,5,0%,40.4
japanese and steakhouse,0,5,0%,45.4
restaurant vaartsche rijn,0,5,0%,46.2
japans restaurant dordrecht,0,5,0%,47
asian fusion utrecht,0,5,0%,53.2
japanse winkel utrecht,0,5,0%,55.8
hibachi hibachi,0,5,0%,60.8
konnichiwa official website,0,4,0%,1
konnichiwa hibachi,0,4,0%,1.25
konnichua,0,4,0%,1.5
koniichiwa,0,4,0%,2
kinnichiwa,0,4,0%,2.5
konichiawa,0,4,0%,2.5
konnichiwq,0,4,0%,2.75
kon nichiwa,0,4,0%,3.25
konnochiwa,0,4,0%,4.5
conitua japanese,0,4,0%,5
knoichiwa,0,4,0%,5
konichiw,0,4,0%,5
konivhiwa,0,4,0%,5
kinichiwa,0,4,0%,5.25
konichiiwa,0,4,0%,5.5
japan konichiwa,0,4,0%,7.75
restaurant utrecht japans,0,4,0%,8
teppenyaki,0,4,0%,8.5
japan konnichiwa,0,4,0%,8.75
japanese menu,0,4,0%,8.75
konnivhiwa,0,4,0%,9
sushi restaurants near me,0,4,0%,9.75
konicaiwh,0,4,0%,10
sushi utrechr,0,4,0%,10.25
sushi nearby,0,4,0%,10.5
konichiwa restaurant,0,4,0%,11.25
restaurant teppanyaki,0,4,0%,11.5
sushi japanese,0,4,0%,15.5
japans teppanyaki,0,4,0%,17
konnichiwa restaurant toronto,0,4,0%,17.25
restaurant utrecht,0,4,0%,17.25
sushi en grill utrecht,0,4,0%,20.75
bakplaat restaurant,0,4,0%,22.5
kong izakaya,0,4,0%,23.25
echt japans restaurant,0,4,0%,25
hosokawa teppanyaki en sushi restaurant,0,4,0%,25
beste sushi in utrecht,0,4,0%,26.5
sushi domplein,0,4,0%,28.25
konnichiwa restaurante,0,4,0%,30.25
konnichiwa sushi bar,0,4,0%,30.25
restaurante japones,0,4,0%,30.25
sushi hoog catharijne,0,4,0%,31
sushi straatweg,0,4,0%,31
crispy mayo roll,0,4,0%,32.5
restaurant japans utrecht,0,4,0%,32.75
asian cuisine utrecht,0,4,0%,33.75
k o n n i c h i w a,0,4,0%,35
mojo utrecht,0,4,0%,36.25
chinees dim sum & japanse teppanyaki restaurant juliana,0,4,0%,41.25
maneki utrecht,0,4,0%,42
juliana utrecht,0,4,0%,42.75
hasekura utrecht,0,4,0%,47
don kounosuke utrecht,0,4,0%,48.5
sushi terwijde,0,4,0%,48.75
utrecht asian restaurant,0,4,0%,49
koi utrecht,0,4,0%,49.25
konnichiwa japanese restaurant,0,4,0%,50.25
kyushu utrecht,0,4,0%,50.25
aziatische restaurants utrecht,0,4,0%,51.25
konnichiwa charleston,0,4,0%,53
fak utrecht,0,4,0%,54
japanese bbq restaurant,0,4,0%,55.5
sumo utrecht,0,4,0%,58.75
konichiwha,0,3,0%,1
konicuwa,0,3,0%,1
konninchiwa,0,3,0%,1
konitsuwa,0,3,0%,1.67
conichuwa,0,3,0%,2
komnichiwa,0,3,0%,2.33
konchiwa,0,3,0%,2.33
konishuwa,0,3,0%,2.33
kanishiwa,0,3,0%,2.67
kunichiwa,0,3,0%,2.67
konachiwa,0,3,0%,3.67
konichiwah,0,3,0%,4
konnichiqa,0,3,0%,4.33
cocktails restaurant utrecht,0,3,0%,5
konnuchiwa,0,3,0%,5
kanichiwa,0,3,0%,5.33
japanese hibachi,0,3,0%,6
konicihiwa,0,3,0%,6
lunch utrecht,0,3,0%,6
konichiuwa,0,3,0%,6.33
konicjiwa,0,3,0%,6.33
konochiwa,0,3,0%,6.33
tapayaki,0,3,0%,7
japanese food near me,0,3,0%,7.33
japanisches restaurant in der nähe,0,3,0%,7.33
amichi japanese,0,3,0%,8
restaurant ko utrecht,0,3,0%,8.33
eel temaki,0,3,0%,8.67
sourcy blauw,0,3,0%,8.67
bento utrecht,0,3,0%,9.33
tepanyaki restaurant,0,3,0%,9.33
omakase restaurant,0,3,0%,9.67
tepenyaki,0,3,0%,9.67
beste japanse restaurants,0,3,0%,12
japanese restaurants near me,0,3,0%,14.33
teppanyaki restaurants near me,0,3,0%,14.67
live cooking japanese,0,3,0%,15
japanese bar,0,3,0%,15.67
shushi utrecht,0,3,0%,15.67
teppanyaki restaurant near me,0,3,0%,16
teppanyaki close to me,0,3,0%,17.33
restaurant sushi utrecht,0,3,0%,18
beste sushi restaurant utrecht,0,3,0%,18.33
sushi centrum utrecht,0,3,0%,18.33
ebi yaki,0,3,0%,18.67
class sushi,0,3,0%,19.33
utrecht restaurant sushi,0,3,0%,19.67
teppanyaki ebi,0,3,0%,20
teppanyaki eten,0,3,0%,20
shushi near me,0,3,0%,21
teppan near me,0,3,0%,21
asian kitchen utrecht,0,3,0%,23
beste teppanyaki restaurant nederland,0,3,0%,24.33
japanese restaurant set,0,3,0%,25.33
mr temaki,0,3,0%,26
teppanyaki grill restaurant,0,3,0%,26.67
sushi omgeving utrecht,0,3,0%,27
ristorante giapponese,0,3,0%,27.33
authentiek japans restaurant,0,3,0%,27.67
hoog catharijne sushi,0,3,0%,28.33
ayce sushi utrecht,0,3,0%,30
sushi transwijk,0,3,0%,30
konbanwa restaurant,0,3,0%,30.67
japans restaurant met kok aan tafel gelderland,0,3,0%,31
sushi eten in utrecht,0,3,0%,32.67
don dining,0,3,0%,33.33
teppanyaki restaurant gelderland,0,3,0%,33.33
sushi utrecht station,0,3,0%,34
sushi utrecht centraal,0,3,0%,34.67
yakiniku near me,0,3,0%,34.67
mariastraat utrecht restaurant,0,3,0%,36.67
sushi utrecht all you can eat,0,3,0%,38.67
sushi utrecht stad,0,3,0%,39.33
japans lunch,0,3,0%,40.33
shokudo utrecht,0,3,0%,40.67
teppanyaki restaurant hilversum,0,3,0%,41
yakitori kawa utrecht,0,3,0%,47
yakiniku japanese,0,3,0%,49.33
don kounosuke,0,3,0%,50.33
sushi galgenwaard utrecht,0,3,0%,52
restaurant aziatisch utrecht,0,3,0%,54.33
utrecht aziatisch,0,3,0%,61.33
japanese barbecue restaurant,0,3,0%,66
aziatisch utrecht,0,3,0%,68.67
aziatisch restaurant,0,3,0%,70.33
plaat eten,0,3,0%,80.33
ama ebi,0,3,0%,82.33
koninchiwa,0,2,0%,1.5
tappan yaki,0,2,0%,2
utrecht ramen,0,2,0%,2
konichiwaaa,0,2,0%,2.5
konishua,0,2,0%,2.5
konkchiwa,0,2,0%,2.5
kon chi,0,2,0%,3
konichi what,0,2,0%,3.5
konitichiwa,0,2,0%,3.5
konnicgiwa,0,2,0%,3.5
konnichiwas,0,2,0%,3.5
konnixhiwa,0,2,0%,3.5
is konnichiwa japanese,0,2,0%,4
konichima,0,2,0%,4
konixhiwa,0,2,0%,4
kon’nichiwa,0,2,0%,4
sushi tepanyaki,0,2,0%,4
konnicha,0,2,0%,4.5
konnichiwa.,0,2,0%,4.5
konociwa,0,2,0%,4.5
lonichiwa,0,2,0%,4.5
sushi making class,0,2,0%,4.5
konechiba,0,2,0%,5
konnichiaw,0,2,0%,5
konnichiws,0,2,0%,5
tepan yaki,0,2,0%,5
konichewa,0,2,0%,5.5
konichiwa san,0,2,0%,5.5
konisua,0,2,0%,5.5
tempanyaki,0,2,0%,5.5
tepenjaki,0,2,0%,5.5
kenichi restaurant,0,2,0%,6
konnicjiwa,0,2,0%,6
kunnichiwa,0,2,0%,6
omakase near me,0,2,0%,6
sushi.restaurant near me,0,2,0%,6
tapenyaki,0,2,0%,6
hibachi teppanyaki & bar,0,2,0%,6.5
japanese cuisine teppanyaki,0,2,0%,6.5
kojichiwa,0,2,0%,6.5
konicgiwa,0,2,0%,6.5
konishi wah,0,2,0%,6.5
konnnichiwa,0,2,0%,6.5
ebi teppanyaki,0,2,0%,7
konichiws,0,2,0%,7
konni chiwa,0,2,0%,7
nl japans,0,2,0%,7
koichiwa,0,2,0%,7.5
koniciwha,0,2,0%,7.5
sushi near me open now,0,2,0%,7.5
tappanyaki,0,2,0%,7.5
authentic japanese restaurant,0,2,0%,8
havatchi,0,2,0%,8
konichiwa vertalen,0,2,0%,8
sushi mear me,0,2,0%,8
sushi restaurant open now,0,2,0%,8
sushi hibachi near me,0,2,0%,8.5
tappenyaki,0,2,0%,8.5
tepanjaki,0,2,0%,8.5
japanese restaurant where they cook in front of you,0,2,0%,9
aburi sushi restaurant,0,2,0%,9.5
japans sushi,0,2,0%,9.5
kushin utrecht,0,2,0%,9.5
luxury sushi restaurant,0,2,0%,9.5
fancy sushi restaurant,0,2,0%,10
giapponese vicino a me,0,2,0%,10
japans afhaalrestaurant,0,2,0%,10
rainbow roll near me,0,2,0%,10.5
hibachi japan,0,2,0%,11
hibachi place,0,2,0%,11
hibachi teppanyaki,0,2,0%,11
izakaya restaurant,0,2,0%,11
japanese bbq,0,2,0%,11
japanese fine dining,0,2,0%,11
sashimi platter near me,0,2,0%,11
sushi bar near me,0,2,0%,11
sushi eten utrecht centrum,0,2,0%,11
konichiwa japan,0,2,0%,11.5
sushi and steak near me,0,2,0%,11.5
hibachi restaurants near me,0,2,0%,13
live cooking restaurant,0,2,0%,13
dadawan utrecht,0,2,0%,13.5
best sushi restaurant near me services,0,2,0%,14
hibachi restaurant nederland,0,2,0%,14
okonomiyaki near me,0,2,0%,14
taiyaki near me,0,2,0%,14.5
japanese food teppanyaki,0,2,0%,15
japanese place,0,2,0%,15
japonais restaurant,0,2,0%,16.5
sushi workshop rotterdam,0,2,0%,16.5
japans sushi restaurant,0,2,0%,17
sushi lunchen utrecht,0,2,0%,17.5
van de plaat eten,0,2,0%,18
teppanyaki restaurant nederland,0,2,0%,18.5
utrecht mariaplaats restaurant,0,2,0%,18.5
sushi grill utrecht,0,2,0%,20
yoshi bento,0,2,0%,20.5
japanese gourmet,0,2,0%,21
bitterballen utrecht,0,2,0%,22
koi kawa japanese restaurant & sushi bar,0,2,0%,23
sushi oude gracht,0,2,0%,23.5
sushi restaurant utrecht all you can eat,0,2,0%,23.5
all you can eat sushi utrecht centrum,0,2,0%,24
japans restaurant bakplaat,0,2,0%,24
live cooking teppanyaki,0,2,0%,24.5
workshop sushi maken utrecht,0,2,0%,25
don dining utrecht,0,2,0%,25.5
koi kawa japanese restaurant,0,2,0%,26
restaurant mariastraat utrecht,0,2,0%,27
sushi near ne,0,2,0%,27
japanese tapas,0,2,0%,27.5
japans cafe,0,2,0%,28
mojo japanese kitchen utrecht,0,2,0%,28
japanese restaurant menu,0,2,0%,28.5
sushi bestellen utrecht,0,2,0%,28.5
restaurants mariaplaats utrecht,0,2,0%,29
utrecht centraal sushi,0,2,0%,29.5
show cooking restaurant,0,2,0%,30.5
sushi barendrecht,0,2,0%,30.5
konnichiwa japanese cuisine,0,2,0%,31
japans eten teppanyaki,0,2,0%,32.5
konnichiwa ingwiller,0,2,0%,32.5
live sushi restaurant,0,2,0%,32.5
mojo restaurant utrecht,0,2,0%,32.5
don utrecht,0,2,0%,33.5
japanse grill restaurant,0,2,0%,33.5
miyabi utrecht,0,2,0%,35
eten mariaplaats utrecht,0,2,0%,35.5
japanese don dining kounosuke,0,2,0%,36.5
japanner hoek van holland,0,2,0%,36.5
sushi fc utrecht,0,2,0%,37.5
hibachi rest,0,2,0%,38
sushi kanaalstraat,0,2,0%,39
sushi utrecht galgenwaard,0,2,0%,39
samurai's japanese,0,2,0%,39.5
japones restaurante,0,2,0%,40.5
onigiri utrecht,0,2,0%,41.5
nepalese food utrecht station,0,2,0%,42
sushi oudegracht utrecht,0,2,0%,42
fusion restaurant utrecht,0,2,0%,42.5
nakama sushi utrecht,0,2,0%,44
suzi utrecht,0,2,0%,44.5
sushi workshop nijmegen,0,2,0%,45
chichi restaurant,0,2,0%,46.5
konbanwa nijmegen,0,2,0%,46.5
sushi live,0,2,0%,47
authentiek japans restaurant nederland,0,2,0%,48
california roll near me,0,2,0%,48.5
konwanba nijmegen,0,2,0%,49
aicha restaurant utrecht,0,2,0%,49.5
mariaplaats 50 utrecht,0,2,0%,49.5
restaurant vaartsche rijn utrecht,0,2,0%,50
sushi restaurant japanese,0,2,0%,50
japans restaurant alkmaar,0,2,0%,51
ebi japanese,0,2,0%,53
don dining kounosuke,0,2,0%,53.5
restaurant amsterdamsestraatweg utrecht,0,2,0%,54.5
yakitori kawa,0,2,0%,57.5
restaurant utrecht aziatisch,0,2,0%,59
ethiopisch restaurant utrecht,0,2,0%,61.5
sushi halal utrecht,0,2,0%,61.5
all you can eat utrecht centrum,0,2,0%,62
wagyu restaurant nederland,0,2,0%,66
yakitori bar,0,2,0%,72.5
sushi utrecht afhalen,0,2,0%,73.5
restaurant japaner,0,2,0%,81.5
asian food utrecht,0,1,0%,1
bangohan,0,1,0%,1
beef japanese,0,1,0%,1
chinees restaurant utrecht,0,1,0%,1
conechewa,0,1,0%,1
honichiwa,0,1,0%,1
japanese bbq yakiniku,0,1,0%,1
japanese restaurant where you cook your own food,0,1,0%,1
japanese style tavern,0,1,0%,1
kinichuwa,0,1,0%,1
kinichwa,0,1,0%,1
konciwa,0,1,0%,1
konechewa,0,1,0%,1
konechiwa,0,1,0%,1
konichiaw,0,1,0%,1
konichiwo,0,1,0%,1
konicihwa,0,1,0%,1
konicowa,0,1,0%,1
konikiwa,0,1,0%,1
konishewa,0,1,0%,1
konnichiwa group,0,1,0%,1
konnichiwa utrecht teppanyaki,0,1,0%,1
konnichiwaa,0,1,0%,1
konnichiwah,0,1,0%,1
konnichiwow,0,1,0%,1
konoshiwa,0,1,0%,1
konuchi,0,1,0%,1
kunichuwa,0,1,0%,1
kwaliteit,0,1,0%,1
lkonichiwa,0,1,0%,1
lonnichiwa,0,1,0%,1
nikkei cocina,0,1,0%,1
omokase,0,1,0%,1
pme legend utrecht,0,1,0%,1
ramen bar utrecht,0,1,0%,1
ramen utrecht,0,1,0%,1
restaurant utrecht centrum,0,1,0%,1
shinya,0,1,0%,1
signature sushi,0,1,0%,1
tabetai,0,1,0%,1
tapanjaki,0,1,0%,1
teppan.yaki,0,1,0%,1
utrecht restaurant,0,1,0%,1
al hashi,0,1,0%,2
aziatisch eten utrecht,0,1,0%,2
conichowa,0,1,0%,2
dim sum utrecht,0,1,0%,2
japanese food,0,1,0%,2
kanechewa,0,1,0%,2
kanichiwah,0,1,0%,2
kanitchiwa,0,1,0%,2
kinochiwa,0,1,0%,2
ko nichi wa,0,1,0%,2
ko nichiwa,0,1,0%,2
kon ichiwa,0,1,0%,2
koni chiwa,0,1,0%,2
konicciwa,0,1,0%,2
konichaw,0,1,0%,2
konichigua,0,1,0%,2
konichiwas,0,1,0%,2
konishwa,0,1,0%,2
konitchiua,0,1,0%,2
konithiwa,0,1,0%,2
konnichi what,0,1,0%,2
konnichiwa tiger,0,1,0%,2
konnichiwa utrecht sushi,0,1,0%,2
menu konichiwa,0,1,0%,2
menu konnichiwa,0,1,0%,2
restaurante yaki,0,1,0%,2
restaurants utrecht centrum,0,1,0%,2
shinjitsu restaurant,0,1,0%,2
sushi live cooking,0,1,0%,2
sushi luxe,0,1,0%,2
sushi making at,0,1,0%,2
teppanyaki menu,0,1,0%,2
wat zijn de kosten hiervan,0,1,0%,2
aushi alzony,0,1,0%,3
kanni restaurant,0,1,0%,3
ko ni chiwa,0,1,0%,3
konichiwwa,0,1,0%,3
konjichiwa,0,1,0%,3
konnechiwa,0,1,0%,3
konnichiwa meaning japanese,0,1,0%,3
kpnichiwa,0,1,0%,3
live cooking japans restaurant,0,1,0%,3
sushi and hibachi,0,1,0%,3
teppanyaki lunch,0,1,0%,3
teppanyaki-restaurant,0,1,0%,3
teppsn,0,1,0%,3
welke is het meest betaalbaar,0,1,0%,3
asian restaurant where they cook in front of you,0,1,0%,4
bento box restaurant,0,1,0%,4
conichiea,0,1,0%,4
conitchiwa,0,1,0%,4
hibachi closest to me,0,1,0%,4
hibashi sushi,0,1,0%,4
japanese business lunch,0,1,0%,4
japanese style restaurant where they cook in front of you,0,1,0%,4
japans restaurant met chef aan tafel,0,1,0%,4
kanichawa,0,1,0%,4
konichiwa!,0,1,0%,4
konichiwa?,0,1,0%,4
konihiwa,0,1,0%,4
koninichiwa,0,1,0%,4
konishia,0,1,0%,4
konithua,0,1,0%,4
konnicbiwa,0,1,0%,4
konnichia,0,1,0%,4
konnichiwa restaurant menu,0,1,0%,4
konnichiwa san,0,1,0%,4
konnichiwa?,0,1,0%,4
konnichiwaaa,0,1,0%,4
konnichiwawa,0,1,0%,4
okinawa utrecht,0,1,0%,4
omurice rice near me,0,1,0%,4
qonichiwa,0,1,0%,4
rooftop japanese,0,1,0%,4
sushi master program,0,1,0%,4
sushi platter,0,1,0%,4
sushi waar je doorheen kan kijken,0,1,0%,4
teppanyaki sushi course,0,1,0%,4
chirashi bowl near me,0,1,0%,5
dorayaki near me,0,1,0%,5
habichi,0,1,0%,5
hibachi all you can eat,0,1,0%,5
hibachi live cooking,0,1,0%,5
hibaci,0,1,0%,5
inaki sushi,0,1,0%,5
jaki restaurant,0,1,0%,5
japanese food corner,0,1,0%,5
japans showcooking restaurant,0,1,0%,5
konichi-wa,0,1,0%,5
konichiaa,0,1,0%,5
live cooking sushi,0,1,0%,5
ned japanese restaurant,0,1,0%,5
omakase lunch,0,1,0%,5
onnichiwa,0,1,0%,5
teppanyako,0,1,0%,5
echte japanse sushi,0,1,0%,6
gonichiwa,0,1,0%,6
gyudon near me,0,1,0%,6
habachie,0,1,0%,6
hibachi roll,0,1,0%,6
japanese and sushi,0,1,0%,6
japanese restaurant around me,0,1,0%,6
japanese style buffet,0,1,0%,6
japanese tapas restaurant,0,1,0%,6
kenichi wa,0,1,0%,6
kenkey near me,0,1,0%,6
koni chiva,0,1,0%,6
konichiwa restaurante,0,1,0%,6
konishawa,0,1,0%,6
konnichiwa nippon,0,1,0%,6
konnichiwua,0,1,0%,6
modern japanese izakaya,0,1,0%,6
omakase izakaya,0,1,0%,6
oyakodon near me,0,1,0%,6
restaurant japones,0,1,0%,6
restaurant near japanese garden,0,1,0%,6
restaurant teriyaki,0,1,0%,6
restaurante omakase,0,1,0%,6
sashimi mix,0,1,0%,6
sushi cooking course,0,1,0%,6
sushi on table,0,1,0%,6
sushi platter near me,0,1,0%,6
tepannyaki,0,1,0%,6
teppanyaki closest to me,0,1,0%,6
teppanyaki halal,0,1,0%,6
bento restaurant,0,1,0%,7
donburi utrecht,0,1,0%,7
habatchi,0,1,0%,7
hibachi close to me,0,1,0%,7
hibachi k,0,1,0%,7
hibachi website,0,1,0%,7
ika kushi,0,1,0%,7
izakaya near me,0,1,0%,7
japan restaurant near me,0,1,0%,7
japan restaurants near me,0,1,0%,7
japan sushi restaurant,0,1,0%,7
japanese restaurant experience,0,1,0%,7
japanese restaurant near me open now,0,1,0%,7
japanese tepanyaki,0,1,0%,7
japanner restaurant,0,1,0%,7
jhibachi,0,1,0%,7
junichi japanese restaurant,0,1,0%,7
kake udon near me,0,1,0%,7
kanishua,0,1,0%,7
khonichiwa,0,1,0%,7
konichiwa konichiwa,0,1,0%,7
konishiba,0,1,0%,7
konnichiwa bento box,0,1,0%,7
konnichiwa korean,0,1,0%,7
kornichiwa,0,1,0%,7
restaurant in japanese,0,1,0%,7
spider temaki,0,1,0%,7
sushi and japanese near me,0,1,0%,7
sushi course,0,1,0%,7
sushi in nähe,0,1,0%,7
sushi izakaya,0,1,0%,7
sushi private room,0,1,0%,7
sushi restaurant in de buurt,0,1,0%,7
sushi restaurant open late,0,1,0%,7
sushi sandwich near me,0,1,0%,7
telpanyaki,0,1,0%,7
tepanyaku,0,1,0%,7
tepentaki,0,1,0%,7
tepoan yaki,0,1,0%,7
tepoanyaki,0,1,0%,7
teposnyaki,0,1,0%,7
tipanyaki,0,1,0%,7
好吃的,0,1,0%,7
aburi unagi,0,1,0%,8
conichiwa,0,1,0%,8
cooking class sushi,0,1,0%,8
hibachi grill nearby,0,1,0%,8
hibachi jaw,0,1,0%,8
hibachi noodles near me,0,1,0%,8
japan grill restaurant,0,1,0%,8
japan restaurant menu,0,1,0%,8
japanees restaurant,0,1,0%,8
japanese eten,0,1,0%,8
japanese food mear me,0,1,0%,8
japanese hibachi restaurant,0,1,0%,8
japanische restaurants,0,1,0%,8
kabuki japanese restaurant,0,1,0%,8
kon ba wa,0,1,0%,8
konichiwa chinese,0,1,0%,8
konnichiwa cafe,0,1,0%,8
lunch japanese,0,1,0%,8
mariku sushi,0,1,0%,8
menu japanese restaurant,0,1,0%,8
sushi courses near me,0,1,0%,8
sushi fine dining,0,1,0%,8
sushi hear me,0,1,0%,8
sushi pasteur,0,1,0%,8
sushi restaurant in der nähe,0,1,0%,8
sushi workshop nederland,0,1,0%,8
tepoan,0,1,0%,8
utrecht,0,1,0%,8
aburi sishi,0,1,0%,9
aushi near me,0,1,0%,9
authentic japanese restaurant near me,0,1,0%,9
best teppanyaki near me,0,1,0%,9
habachi sushi,0,1,0%,9
hibachi cooking near me,0,1,0%,9
hibachi near me.,0,1,0%,9
hibachi sashimi,0,1,0%,9
japanese bar restaurant,0,1,0%,9
japanese restaurant best,0,1,0%,9
konishiua,0,1,0%,9
konnichiwa sushi & wine club,0,1,0%,9
mochi near me,0,1,0%,9
nice japanese restaurant,0,1,0%,9
ristorante asiatico vicino a me,0,1,0%,9
sushi bar,0,1,0%,9
sushi church street,0,1,0%,9
sushi near me.,0,1,0%,9
sushi tapas,0,1,0%,9
sushi to go utrecht,0,1,0%,9
sushi utrecht centrum all you can eat,0,1,0%,9
sushi vicino a me,0,1,0%,9
sushi vicino a ne,0,1,0%,9
top hibachi,0,1,0%,9
baby ika,0,1,0%,10
best sushi restaurant,0,1,0%,10
good sushi restaurants near me,0,1,0%,10
izakaya japanese bar,0,1,0%,10
japan cafe,0,1,0%,10
japanese buffet near me,0,1,0%,10
japanese desserts near me,0,1,0%,10
japanese junction,0,1,0%,10
japanese marina,0,1,0%,10
japanese resaurant,0,1,0%,10
japanese wok restaurant,0,1,0%,10
japanse sushi restaurant,0,1,0%,10
katsudon near me,0,1,0%,10
konnichiwa by sakura,0,1,0%,10
konnichiwa by sakura menu,0,1,0%,10
konnichiwa photos,0,1,0%,10
konnichiwa restaurant reviews,0,1,0%,10
koonichiwa,0,1,0%,10
restaurant wa,0,1,0%,10
setto sushi,0,1,0%,10
sushi kurse,0,1,0%,10
sushiworkshop,0,1,0%,10
tuna aburi,0,1,0%,10
yakisoba near me,0,1,0%,10
best japanese restaurant,0,1,0%,11
best sushi near here,0,1,0%,11
best sushi restaurants near me,0,1,0%,11
chawanmushi near me,0,1,0%,11
cheap japanese restaurant,0,1,0%,11
chique sushi restaurant,0,1,0%,11
fancy japanese restaurant,0,1,0%,11
food hibachi,0,1,0%,11
good sushi restaurant near me,0,1,0%,11
hibachi places around me,0,1,0%,11
japan food restaurant,0,1,0%,11
japan teppanyaki,0,1,0%,11
japanese fried cream sandwich near me,0,1,0%,11
japanese hibachi near me,0,1,0%,11
japanese sushi,0,1,0%,11
japanese teppan,0,1,0%,11
japanese teppan yaki,0,1,0%,11
japanisches restaurant,0,1,0%,11
japans restaurant en,0,1,0%,11
japanse restaurants,0,1,0%,11
konichicwa,0,1,0%,11
konichiwia,0,1,0%,11
konnichiwa restaurant near me,0,1,0%,11
konniciva,0,1,0%,11
live japanese cooking,0,1,0%,11
menu giapponese,0,1,0%,11
miso soup near me open now,0,1,0%,11
nikki sushi,0,1,0%,11
ristoranti giapponesi vicino a me,0,1,0%,11
sishi mear me,0,1,0%,11
sushi best near me,0,1,0%,11
sushi en more utrecht,0,1,0%,11
sushi pop up utrecht,0,1,0%,11
sushi ut,0,1,0%,11
tempura udon near me,0,1,0%,11
teppanyaki catering near me,0,1,0%,11
wagyu japanese restaurant,0,1,0%,11
yaki tori,0,1,0%,11
betekenis conichiwa,0,1,0%,12
habachi restaurants,0,1,0%,12
hibachi grill restaurants,0,1,0%,12
hibashi restaurant,0,1,0%,12
izakaya teppanyaki,0,1,0%,12
japanese all you can eat near me,0,1,0%,12
japanese cafeteria,0,1,0%,12
japanese curry near me,0,1,0%,12
japanese grill and sushi,0,1,0%,12
japanese restaurant sushi platter,0,1,0%,12
japanese teppanyaki restaurants,0,1,0%,12
konnchiwa,0,1,0%,12
konnichiwa reviews,0,1,0%,12
kounichiwa,0,1,0%,12
omakase restaurants,0,1,0%,12
onichiua,0,1,0%,12
restaurante japone,0,1,0%,12
sake aburi,0,1,0%,12
sushi aburi,0,1,0%,12
sushi and more utrecht,0,1,0%,12
sushi in town,0,1,0%,12
sushi mater,0,1,0%,12
sushi near,0,1,0%,12
sushi nearme,0,1,0%,12
sushi places,0,1,0%,12
sushi places near me,0,1,0%,12
sushi restaurant near me now,0,1,0%,12
teppanyaki yakisoba,0,1,0%,12
مطعم ياباني,0,1,0%,12
best japanese restaurants,0,1,0%,13
best teppanyaki restaurants,0,1,0%,13
beste japanse restaurant,0,1,0%,13
hibaxhi,0,1,0%,13
japanese express,0,1,0%,13
japans restaurant met kok aan tafel amersfoort,0,1,0%,13
menu teriyaki,0,1,0%,13
restaurant asiatique,0,1,0%,13
sushi cuisine,0,1,0%,13
sushi itrecht,0,1,0%,13
susho bar,0,1,0%,13
takoyaki near me,0,1,0%,13
tapenaki,0,1,0%,13
teppan chinees,0,1,0%,13
teriyaki restaurants,0,1,0%,13
top hibachi restaurants,0,1,0%,13
best teppanyaki,0,1,0%,14
best teppanyaki restaurant near me,0,1,0%,14
japanese.bbq,0,1,0%,14
japenese grill,0,1,0%,14
taponyaki,0,1,0%,14
tempayaki,0,1,0%,14
teppanyaki and sushi,0,1,0%,14
traditional japanese restaurant,0,1,0%,14
wa restaurant,0,1,0%,14
where to get sushi near me,0,1,0%,14
izakaya,0,1,0%,15
japanese restaurant live cooking,0,1,0%,15
japanese bento restaurant,0,1,0%,17
hibachi and grill,0,1,0%,18
japanese live cooking restaurant,0,1,0%,18
sashimi near me,0,1,0%,18
japanese cuisine restaurant,0,1,0%,19
japanese grill restaurants,0,1,0%,19
sushi park transwijk,0,1,0%,19
sushi restaurant canterbury,0,1,0%,19
japans restaurant alkmaar station,0,1,0%,20
jpn restaurant,0,1,0%,21
konbanwa menu,0,1,0%,21
nearby japanese restaurant,0,1,0%,21
japanese bbq near me,0,1,0%,22
japenese restaurant,0,1,0%,22
nearby sushi,0,1,0%,22